{
  "auth": {
    "user_pool_id": "eu-west-2_eunUoZqaB",
    "aws_region": "eu-west-2",
    "user_pool_client_id": "7a3p8gdc2do0c5vq1qfvcjp33d",
    "identity_pool_id": "eu-west-2:7753a248-b5a2-4e6a-b6d8-b57931ec834f",
    "standard_required_attributes": [
      "email"
    ],
    "username_attributes": [
      "email"
    ],
    "user_verification_types": [
      "email"
    ],
    "password_policy": {
      "min_length": 8,
      "require_numbers": true,
      "require_lowercase": true,
      "require_uppercase": true,
      "require_symbols": true
    },
    "unauthenticated_identities_enabled": true
  },
  "data": {
    "url": "https://mylyfk24zvd3bg4qpthrtz22pm.appsync-api.eu-west-2.amazonaws.com/graphql",
    "aws_region": "eu-west-2",
    "api_key": "da2-fvxf5t4nujb6jiyyxhmc3bej7y",
    "default_authorization_type": "API_KEY",
    "authorization_types": [
      "AMAZON_COGNITO_USER_POOLS",
      "AWS_IAM"
    ],
    "model_introspection": {
      "version": 1,
      "models": {
        "Todo": {
          "name": "Todo",
          "fields": {
            "id": {
              "name": "id",
              "isArray": false,
              "type": "ID",
              "isRequired": true,
              "attributes": []
            },
            "content": {
              "name": "content",
              "isArray": false,
              "type": "String",
              "isRequired": false,
              "attributes": []
            },
            "createdAt": {
              "name": "createdAt",
              "isArray": false,
              "type": "AWSDateTime",
              "isRequired": false,
              "attributes": [],
              "isReadOnly": true
            },
            "updatedAt": {
              "name": "updatedAt",
              "isArray": false,
              "type": "AWSDateTime",
              "isRequired": false,
              "attributes": [],
              "isReadOnly": true
            }
          },
          "syncable": true,
          "pluralName": "Todos",
          "attributes": [
            {
              "type": "model",
              "properties": {}
            },
            {
              "type": "auth",
              "properties": {
                "rules": [
                  {
                    "allow": "public",
                    "provider": "apiKey",
                    "operations": [
                      "create",
                      "update",
                      "delete",
                      "read"
                    ]
                  }
                ]
              }
            }
          ],
          "primaryKeyInfo": {
            "isCustomPrimaryKey": false,
            "primaryKeyFieldName": "id",
            "sortKeyFieldNames": []
          }
        },
        "Property": {
          "name": "Property",
          "fields": {
            "id": {
              "name": "id",
              "isArray": false,
              "type": "ID",
              "isRequired": true,
              "attributes": []
            },
            "title": {
              "name": "title",
              "isArray": false,
              "type": "String",
              "isRequired": false,
              "attributes": []
            },
            "slug": {
              "name": "slug",
              "isArray": false,
              "type": "String",
              "isRequired": false,
              "attributes": []
            },
            "valuation": {
              "name": "valuation",
              "isArray": false,
              "type": "Float",
              "isRequired": false,
              "attributes": []
            },
            "min": {
              "name": "min",
              "isArray": false,
              "type": "Float",
              "isRequired": false,
              "attributes": []
            },
            "max": {
              "name": "max",
              "isArray": false,
              "type": "Float",
              "isRequired": false,
              "attributes": []
            },
            "description": {
              "name": "description",
              "isArray": false,
              "type": "String",
              "isRequired": false,
              "attributes": []
            },
            "address": {
              "name": "address",
              "isArray": false,
              "type": "String",
              "isRequired": false,
              "attributes": []
            },
            "town": {
              "name": "town",
              "isArray": false,
              "type": "String",
              "isRequired": false,
              "attributes": []
            },
            "city": {
              "name": "city",
              "isArray": false,
              "type": "String",
              "isRequired": false,
              "attributes": []
            },
            "county": {
              "name": "county",
              "isArray": false,
              "type": "String",
              "isRequired": false,
              "attributes": []
            },
            "postcode": {
              "name": "postcode",
              "isArray": false,
              "type": "String",
              "isRequired": false,
              "attributes": []
            },
            "condition": {
              "name": "condition",
              "isArray": false,
              "type": "String",
              "isRequired": false,
              "attributes": []
            },
            "country": {
              "name": "country",
              "isArray": false,
              "type": "String",
              "isRequired": false,
              "attributes": []
            },
            "bedrooms": {
              "name": "bedrooms",
              "isArray": false,
              "type": "Int",
              "isRequired": false,
              "attributes": []
            },
            "bathrooms": {
              "name": "bathrooms",
              "isArray": false,
              "type": "Int",
              "isRequired": false,
              "attributes": []
            },
            "garages": {
              "name": "garages",
              "isArray": false,
              "type": "Int",
              "isRequired": false,
              "attributes": []
            },
            "area_size": {
              "name": "area_size",
              "isArray": false,
              "type": "Int",
              "isRequired": false,
              "attributes": []
            },
            "year_built": {
              "name": "year_built",
              "isArray": false,
              "type": "Int",
              "isRequired": false,
              "attributes": []
            },
            "views": {
              "name": "views",
              "isArray": false,
              "type": "Int",
              "isRequired": false,
              "attributes": []
            },
            "is_featured": {
              "name": "is_featured",
              "isArray": false,
              "type": "Boolean",
              "isRequired": false,
              "attributes": []
            },
            "is_published": {
              "name": "is_published",
              "isArray": false,
              "type": "Boolean",
              "isRequired": false,
              "attributes": []
            },
            "is_sold": {
              "name": "is_sold",
              "isArray": false,
              "type": "Boolean",
              "isRequired": false,
              "attributes": []
            },
            "is_yeoley_plus": {
              "name": "is_yeoley_plus",
              "isArray": false,
              "type": "Boolean",
              "isRequired": false,
              "attributes": []
            },
            "user_id": {
              "name": "user_id",
              "isArray": false,
              "type": "ID",
              "isRequired": false,
              "attributes": []
            },
            "type": {
              "name": "type",
              "isArray": false,
              "type": "String",
              "isRequired": false,
              "attributes": []
            },
            "longitude": {
              "name": "longitude",
              "isArray": false,
              "type": "Float",
              "isRequired": false,
              "attributes": []
            },
            "latitude": {
              "name": "latitude",
              "isArray": false,
              "type": "Float",
              "isRequired": false,
              "attributes": []
            },
            "valuation_type": {
              "name": "valuation_type",
              "isArray": false,
              "type": "String",
              "isRequired": false,
              "attributes": []
            },
            "prefix": {
              "name": "prefix",
              "isArray": false,
              "type": "String",
              "isRequired": false,
              "attributes": []
            },
            "tenure": {
              "name": "tenure",
              "isArray": false,
              "type": "String",
              "isRequired": false,
              "attributes": []
            },
            "current_epc_rating": {
              "name": "current_epc_rating",
              "isArray": false,
              "type": "String",
              "isRequired": false,
              "attributes": []
            },
            "potential_epc_rating": {
              "name": "potential_epc_rating",
              "isArray": false,
              "type": "String",
              "isRequired": false,
              "attributes": []
            },
            "epc_date": {
              "name": "epc_date",
              "isArray": false,
              "type": "String",
              "isRequired": false,
              "attributes": []
            },
            "layout": {
              "name": "layout",
              "isArray": false,
              "type": "String",
              "isRequired": false,
              "attributes": []
            },
            "content": {
              "name": "content",
              "isArray": false,
              "type": "String",
              "isRequired": false,
              "attributes": []
            },
            "createdAt": {
              "name": "createdAt",
              "isArray": false,
              "type": "AWSDateTime",
              "isRequired": false,
              "attributes": [],
              "isReadOnly": true
            },
            "updatedAt": {
              "name": "updatedAt",
              "isArray": false,
              "type": "AWSDateTime",
              "isRequired": false,
              "attributes": [],
              "isReadOnly": true
            }
          },
          "syncable": true,
          "pluralName": "Properties",
          "attributes": [
            {
              "type": "model",
              "properties": {}
            },
            {
              "type": "key",
              "properties": {
                "fields": [
                  "id"
                ]
              }
            },
            {
              "type": "auth",
              "properties": {
                "rules": [
                  {
                    "allow": "public",
                    "provider": "apiKey",
                    "operations": [
                      "create",
                      "update",
                      "delete",
                      "read"
                    ]
                  }
                ]
              }
            }
          ],
          "primaryKeyInfo": {
            "isCustomPrimaryKey": false,
            "primaryKeyFieldName": "id",
            "sortKeyFieldNames": []
          }
        },
        "Favourites": {
          "name": "Favourites",
          "fields": {
            "id": {
              "name": "id",
              "isArray": false,
              "type": "ID",
              "isRequired": true,
              "attributes": []
            },
            "user_id": {
              "name": "user_id",
              "isArray": false,
              "type": "String",
              "isRequired": false,
              "attributes": []
            },
            "property_id": {
              "name": "property_id",
              "isArray": false,
              "type": "ID",
              "isRequired": false,
              "attributes": []
            },
            "createdAt": {
              "name": "createdAt",
              "isArray": false,
              "type": "AWSDateTime",
              "isRequired": false,
              "attributes": [],
              "isReadOnly": true
            },
            "updatedAt": {
              "name": "updatedAt",
              "isArray": false,
              "type": "AWSDateTime",
              "isRequired": false,
              "attributes": [],
              "isReadOnly": true
            }
          },
          "syncable": true,
          "pluralName": "Favourites",
          "attributes": [
            {
              "type": "model",
              "properties": {}
            },
            {
              "type": "key",
              "properties": {
                "fields": [
                  "id"
                ]
              }
            },
            {
              "type": "key",
              "properties": {
                "name": "favouritesByUser_id",
                "queryField": "listFavouritesByUser_id",
                "fields": [
                  "user_id"
                ]
              }
            },
            {
              "type": "key",
              "properties": {
                "name": "favouritesByProperty_id",
                "queryField": "listFavouritesByProperty_id",
                "fields": [
                  "property_id"
                ]
              }
            },
            {
              "type": "auth",
              "properties": {
                "rules": [
                  {
                    "allow": "public",
                    "provider": "apiKey",
                    "operations": [
                      "create",
                      "update",
                      "delete",
                      "read"
                    ]
                  }
                ]
              }
            }
          ],
          "primaryKeyInfo": {
            "isCustomPrimaryKey": false,
            "primaryKeyFieldName": "id",
            "sortKeyFieldNames": []
          }
        }
      },
      "enums": {},
      "nonModels": {}
    }
  },
  "version": "1"
}